,word,positive,negative,p_early,n_early,p_late,n_late
0,play,529,97,120,21,71,11
1,leave,69,23,16,4,15,4
2,become,269,71,52,10,57,16
3,statius,85,16,15,4,11,0
4,unusual,86,11,21,1,20,2
5,think,506,126,119,26,82,16
6,ch,62,25,13,4,15,6
7,highly,358,52,64,14,98,12
8,emperor,162,44,36,12,33,6
9,aside,104,42,20,9,27,10
10,north,88,19,11,5,15,2
11,pointed,59,26,9,5,7,5
12,alike,109,9,20,4,27,1
13,reveals,107,26,14,6,28,4
14,demonstrating,72,6,13,1,21,2
15,next,208,39,29,3,50,11
16,erotic,67,27,11,5,19,4
17,varied,91,9,8,1,21,3
18,evidence,1560,325,273,73,317,49
19,law,356,63,71,10,72,11
20,sparta,69,21,20,6,3,2
21,lines,358,148,79,32,56,14
22,associations,70,15,12,5,18,3
23,wars,80,21,14,0,14,5
24,treat,61,19,17,4,9,2
25,appeared,111,22,17,5,22,6
26,decision,120,44,20,8,42,7
27,tragic,135,36,26,7,26,2
28,elegy,87,17,17,3,14,2
29,variants,61,20,17,6,12,1
30,'t,69,23,18,10,1,0
31,philology,79,11,20,7,13,0
32,treatise,114,18,16,7,29,2
33,live,55,17,13,4,6,3
34,justice,171,35,23,5,30,4
35,official,57,17,13,2,8,5
36,&,130,46,26,9,9,1
37,warfare,61,19,7,3,18,2
38,side,209,47,26,10,36,13
39,examining,74,14,8,4,24,1
40,63,30,22,5,5,6,2
41,contrast,258,74,41,17,49,14
42,actual,184,49,30,9,46,10
43,criticism,325,97,57,22,60,22
44,look,271,39,43,8,60,12
45,series,544,63,94,16,120,12
46,specialist,86,15,11,3,24,4
47,color,87,20,11,1,18,6
48,forms,385,68,56,12,88,14
49,class,128,22,26,6,28,1
50,'the,714,173,97,27,157,29
51,upon,366,99,57,10,64,23
52,infelicities,16,33,3,5,4,7
53,statement,137,77,21,14,21,8
54,82,28,18,7,5,6,7
55,would,3513,637,600,125,743,109
56,remain,150,56,24,13,34,15
57,high,280,80,53,8,67,14
58,n8,116,47,17,10,19,11
59,biblical,77,13,7,2,23,6
60,collection,871,82,138,10,200,19
61,draw,143,16,22,4,29,2
62,word,384,148,61,26,75,28
63,remarkably,72,27,13,1,9,5
64,constitute,56,22,12,5,16,4
65,trade,99,19,10,5,31,4
66,committed,35,19,9,2,4,4
67,catalogue,249,45,51,12,38,10
68,dramatic,126,37,26,7,16,14
69,theoretical,238,52,30,10,77,10
70,indicates,81,32,14,7,27,2
71,influenced,94,23,11,4,22,5
72,return,95,24,15,3,14,3
73,song,68,14,10,2,7,4
74,lucian,85,17,10,1,3,1
75,contribution,799,71,108,12,235,21
76,theories,155,40,23,7,29,8
77,white,89,15,11,1,21,1
78,1999,67,15,11,5,10,3
79,buildings,75,15,15,2,16,6
80,previously,114,20,19,4,36,7
81,augustine,170,28,28,1,45,7
82,potentially,101,17,21,4,25,4
83,adequate,46,20,9,9,4,2
84,tends,56,21,12,6,8,4
85,e.,200,55,26,10,29,7
86,making,395,78,60,16,97,14
87,told,79,24,16,4,9,4
88,like,992,273,180,64,196,55
89,comedy,259,66,54,23,43,9
90,unless,46,31,14,8,3,3
91,selections,48,18,8,3,11,5
92,ought,89,26,18,5,12,4
93,clever,38,19,10,5,5,2
94,commentators,66,19,18,4,7,5
95,75,23,27,5,3,2,7
96,thought-provoking,100,5,13,0,31,0
97,inaccuracies,15,25,4,4,1,7
98,e.g.,319,160,65,35,53,34
99,carried,63,20,11,5,9,2
100,public,388,74,84,11,80,11
101,senses,36,17,3,2,7,2
102,cult,239,30,58,14,45,3
103,preserved,114,14,20,2,30,2
104,government,80,14,13,4,14,0
105,meant,158,52,31,7,30,10
106,among,614,120,92,21,138,25
107,pliny,138,30,28,9,12,4
108,force,119,29,28,6,18,1
109,entry,125,41,23,12,26,7
110,better,438,89,77,15,85,14
111,ways,489,70,78,14,106,12
112,whereas,166,41,30,5,27,8
113,literal,70,23,23,3,9,3
114,europe,79,12,15,0,16,3
115,bring,159,23,19,6,40,5
116,current,303,29,45,3,75,11
117,theological,70,11,6,1,16,2
118,goods,85,10,5,2,23,2
119,mean,138,46,15,9,35,12
120,affect,24,23,3,3,4,7
121,wall,82,12,10,1,24,5
122,collected,92,12,20,1,24,2
123,hence,98,35,21,5,19,5
124,94,25,20,5,4,2,1
125,j,51,21,6,3,3,0
126,introductory,261,23,39,4,59,6
127,suggestion,190,39,39,6,44,7
128,demonstrate,110,23,17,1,25,5
129,sensitive,69,8,12,3,10,1
130,something,448,100,81,15,77,13
131,readers,1007,199,141,36,230,39
132,–,324,75,0,0,302,70
133,natural,188,50,19,8,38,5
134,surely,282,78,48,15,60,11
135,women,532,98,107,24,82,14
136,-,88,27,11,3,14,9
137,heavily,45,18,9,5,10,2
138,fields,101,6,15,1,26,0
139,explain,204,76,37,19,46,11
140,already,409,116,71,25,85,21
141,western,136,27,18,4,35,6
142,male,125,32,15,3,22,4
143,passage,323,108,57,21,63,25
144,reviews,70,12,13,4,17,2
145,oxford,165,35,34,10,33,3
146,trial,48,28,12,9,8,2
147,concern,145,39,25,3,34,7
148,numerous,243,98,43,16,70,18
149,identifies,97,25,17,3,34,6
150,equally,202,35,31,10,42,4
151,layout,46,22,4,1,12,3
152,roles,81,15,16,4,11,3
153,metaphor,79,12,19,1,12,1
154,manner,169,32,34,7,27,7
155,causes,46,21,6,5,7,5
156,referred,83,31,18,4,14,6
157,philosophy,516,102,87,15,110,24
158,edited,174,68,20,8,36,20
159,book,5179,1040,828,173,1083,213
160,likely,303,77,51,7,59,12
161,comprehensive,264,28,37,3,63,5
162,individual,573,102,91,18,130,13
163,aeneas,83,26,14,3,11,4
164,allowed,78,23,19,2,20,2
165,pages,472,142,78,25,103,27
166,noticed,39,119,6,12,9,26
167,meanings,68,17,6,2,10,6
168,related,214,62,32,10,52,10
169,alleged,37,31,2,5,8,3
170,drawing,169,23,22,1,37,5
171,seeks,76,17,14,3,14,6
172,greatest,63,29,13,2,12,6
173,ends,198,33,39,5,34,9
174,setting,113,25,19,5,17,3
175,give,388,90,70,22,70,13
176,widely,99,23,15,3,23,4
177,sort,214,55,42,10,43,12
178,mention,232,139,43,20,37,30
179,application,100,19,23,5,9,2
180,augustus,156,46,22,9,33,5
181,avoided,39,29,6,6,5,9
182,changed,58,26,7,5,15,3
183,1,1073,289,180,36,255,58
184,thus,735,179,122,27,147,39
185,misleading,78,50,20,7,11,7
186,bmcr,114,18,21,1,24,7
187,special,164,21,35,3,29,3
188,renders,40,17,7,1,11,6
189,slave,95,23,12,4,33,5
190,really,322,85,64,20,52,20
191,gap,71,15,13,5,19,3
192,bringing,95,12,13,4,21,0
193,”,238,68,0,0,215,62
194,association,61,23,9,4,12,4
195,f,105,25,34,5,10,3
196,glossary,203,17,38,3,37,1
197,get,198,35,34,7,37,5
198,l,128,42,35,7,13,8
199,signs,78,25,7,7,21,6
200,egregious,8,21,2,0,0,6
201,kind,342,79,70,9,58,13
202,15,119,53,19,10,22,14
203,caused,48,38,11,6,7,6
204,metamorphoses,71,15,21,1,9,6
205,culture,533,99,80,18,123,20
206,established,123,20,30,5,25,4
207,lindsay,12,18,4,0,2,0
208,w.,303,91,76,26,15,3
209,attractive,85,23,17,1,15,10
210,exact,55,18,14,3,14,4
211,consideration,188,41,30,9,43,2
212,merely,184,65,28,11,33,11
213,10,260,70,44,7,42,8
214,system,225,70,49,18,48,16
215,seneca,164,31,15,9,20,5
216,interpreting,81,14,9,3,17,1
217,discussing,124,23,19,3,27,3
218,apuleius,85,7,17,1,23,2
219,syntax,78,23,14,4,27,8
220,avoids,41,22,7,1,7,3
221,revised,86,18,16,3,21,8
222,devoted,178,30,30,4,30,7
223,implicit,45,19,14,3,9,4
224,divided,106,15,14,3,31,3
225,spite,97,26,20,6,16,5
226,complicated,93,27,16,4,20,3
227,seeing,86,12,13,4,19,3
228,title,273,87,44,14,49,16
229,31,65,25,10,4,10,5
230,i.e.,85,22,16,6,16,3
231,reads,113,30,19,4,16,5
232,sound,139,36,25,9,32,4
233,goddess,55,25,11,3,16,2
234,observation,175,22,31,4,35,4
235,regions,73,16,15,3,18,5
236,extremely,490,39,90,8,99,11
237,cited,244,81,55,10,43,16
238,doubt,186,74,30,18,33,8
239,desire,222,57,24,11,55,12
240,second,794,226,139,29,182,42
241,outright,16,22,5,5,1,7
242,enough,288,89,73,11,39,14
243,regrettable,16,24,5,8,3,6
244,cultural,517,70,76,15,119,13
245,footnotes,208,59,32,9,36,13
246,identify,95,20,18,4,22,6
247,virtues,116,24,22,6,21,4
248,variety,248,33,32,2,73,8
249,caught,12,24,1,2,0,4
250,golden,61,17,12,4,8,4
251,period,724,149,111,30,180,27
252,hypothesis,115,20,16,3,16,5
253,young,155,32,24,9,20,2
254,fourth,242,54,40,9,53,12
255,volume,2054,323,287,40,601,90
256,still,728,160,122,34,150,25
257,page,251,195,37,29,54,33
258,interested,560,59,87,12,139,17
259,french,188,44,20,2,44,12
260,chapters,789,118,106,17,219,33
261,names,390,95,73,17,80,21
262,perfect,78,20,12,1,16,7
263,defined,83,27,12,4,22,8
264,theaetetus,28,17,9,6,5,0
265,distinguish,88,40,12,8,22,7
266,strange,43,24,9,3,2,3
267,opposite,57,18,11,2,9,4
268,category,96,20,19,7,21,4
269,location,70,18,18,3,17,4
270,group,218,31,33,4,38,5
271,mentioned,297,88,50,11,57,15
272,guide,293,27,44,3,75,4
273,difficulties,122,36,29,8,27,9
274,accepted,89,27,20,6,14,6
275,translating,68,24,19,3,13,4
276,using,218,66,37,13,54,12
277,finding,89,16,8,4,19,3
278,used,736,153,109,27,173,29
279,translations,460,87,81,17,89,21
280,identification,133,40,18,5,19,15
281,investigation,174,23,27,5,34,3
282,manuscripts,212,62,49,7,47,12
283,double,56,21,9,5,10,4
284,epic,350,75,60,11,68,17
285,14,133,47,21,5,24,8
286,resulting,54,29,8,6,12,9
287,general,1272,246,220,37,235,46
288,scribal,19,33,2,9,4,5
289,artists,68,11,8,4,14,1
290,jews,72,21,24,6,21,5
291,t11,57,21,10,5,7,1
292,augustan,143,22,25,6,21,1
293,importance,447,90,75,21,86,11
294,engagement,111,16,8,1,40,4
295,worthy,89,15,11,2,22,1
296,science,113,11,22,1,16,4
297,likewise,97,32,16,4,16,7
298,stoics,87,18,14,3,7,4
299,testimonia,72,6,13,1,10,1
300,reign,67,22,16,5,17,3
301,body,282,54,59,14,73,13
302,move,75,22,14,1,18,6
303,occasion,80,35,15,8,12,5
304,late,763,127,127,30,170,32
305,hope,136,30,26,4,25,4
306,review,433,84,86,12,80,20
307,follows,224,69,42,15,47,14
308,authority,156,32,29,7,27,5
309,far,605,144,102,27,102,25
310,let,109,29,29,2,23,7
311,per,87,39,9,6,23,5
312,supposed,77,37,18,4,13,11
313,homeric,319,81,77,22,46,8
314,wide-ranging,91,4,16,1,20,0
315,arguing,149,27,24,4,33,3
316,readily,85,23,13,2,22,4
317,convincingly,68,26,11,2,15,12
318,aristophanes,167,36,40,12,19,3
319,letter,146,48,23,5,34,7
320,identifying,68,19,9,5,14,4
321,orthography,24,17,3,0,7,9
322,consult,83,11,11,2,22,1
323,house,98,28,21,3,16,7
324,lyric,101,29,19,8,20,4
325,striking,59,31,7,2,13,9
326,peter,74,10,9,2,20,3
327,fault,34,20,5,4,7,1
328,majority,100,22,9,5,26,4
329,regards,75,18,10,5,13,2
330,written,568,112,83,16,123,25
331,proof,65,19,10,3,9,0
332,therefore,386,97,51,16,87,14
333,becomes,177,61,29,12,25,9
334,judge,82,17,13,3,6,7
335,n't,108,37,29,9,3,2
336,e.g,332,182,64,25,70,44
337,fifth,158,45,25,4,28,9
338,83,19,22,2,0,2,5
339,phrases,68,25,16,7,12,5
340,methodological,165,33,20,7,47,6
341,ones,188,44,32,5,31,14
342,noun,30,18,3,3,5,1
343,basic,246,40,47,7,42,4
344,provides,1451,62,222,8,322,12
345,amount,176,34,20,8,45,4
346,fact,863,270,146,49,156,51
347,larger,186,39,31,6,48,6
348,mediterranean,160,14,13,4,41,1
349,decline,53,23,10,5,10,3
350,consequences,56,22,10,9,7,3
351,22,81,29,24,3,14,8
352,sometimes,510,187,83,30,107,34
353,164,16,18,4,2,0,1
354,plot,64,17,6,3,18,3
355,several,601,176,96,31,125,34
356,thanks,77,10,4,3,15,2
357,subjects,206,23,29,2,48,8
358,instance,343,120,61,21,70,21
359,weakness,29,21,7,6,2,3
360,artistic,99,18,15,2,20,5
361,object,154,32,29,4,24,8
362,p.,2777,1594,486,283,511,346
363,effectively,65,17,12,2,12,4
364,biography,89,13,9,1,23,2
365,herodotus,193,58,45,14,23,6
366,successful,156,25,26,2,35,10
367,spotted,4,20,1,1,1,6
368,link,96,31,10,5,24,9
369,project,205,36,17,10,46,13
370,poets,200,46,29,7,43,4
371,i.e,105,24,14,3,26,7
372,changes,158,58,23,12,38,11
373,message,43,20,6,4,8,5
374,contain,127,53,15,11,30,8
375,purposes,96,20,16,3,17,2
376,policy,73,27,21,6,12,3
377,concepts,155,28,24,7,46,10
378,success,108,57,17,10,21,14
379,excavation,78,7,9,2,23,2
380,since,1092,357,208,68,220,70
381,potential,158,26,21,4,43,10
382,focuses,156,31,14,3,46,6
383,played,82,23,7,6,20,4
384,wife,75,10,8,1,9,4
385,range,437,60,59,14,132,7
386,straightforward,72,17,14,2,11,5
387,challenges,64,19,5,2,10,4
388,reflect,121,25,20,5,26,5
389,examine,72,10,12,2,16,1
390,simple,144,56,28,9,34,11
391,animals,113,15,15,1,32,5
392,taken,361,82,57,16,73,15
393,lives,130,18,16,4,33,8
394,theatre,74,13,9,3,17,1
395,claims,268,93,37,19,52,14
396,explains,149,42,22,10,34,8
397,wishing,68,5,4,1,17,2
398,passing,47,18,7,2,8,3
399,expressed,96,25,18,6,21,2
400,speaker,71,25,18,7,16,6
401,find,1096,230,193,40,219,39
402,else,97,20,13,7,22,1
403,separate,172,53,26,10,30,13
404,3,852,240,129,34,185,52
405,performance,193,46,28,11,38,11
406,explanatory,76,15,14,3,16,1
407,constitutes,84,20,10,2,19,3
408,dio,82,24,17,6,14,3
409,cultures,98,14,15,6,25,0
410,regarded,95,30,12,7,22,2
411,aegean,76,11,7,3,21,3
412,strategy,74,25,14,6,14,5
413,29,50,25,6,3,11,8
414,indeed,532,131,92,20,103,31
415,foreign,101,41,12,7,19,8
416,appearance,149,35,28,8,33,4
417,survey,509,34,90,8,91,4
418,qualities,121,16,17,2,24,1
419,parallels,230,42,36,5,42,5
420,wise,73,16,15,5,7,1
421,citations,103,51,15,8,13,10
422,assessment,147,19,22,6,37,2
423,supplement,93,19,18,3,18,3
424,inevitable,46,42,5,5,10,12
425,war,354,115,55,20,61,18
426,alternative,110,38,15,3,30,11
427,obviously,105,25,11,7,23,2
428,ideas,408,57,63,11,89,7
429,primarily,178,40,21,10,43,4
430,literary,1095,188,189,41,230,33
431,20,83,45,12,14,19,9
432,contribute,71,13,11,4,22,3
433,66,35,18,13,4,3,1
434,citizen,90,11,13,2,12,2
435,conjectures,91,20,13,4,11,3
436,interpret,67,19,12,1,16,6
437,26,64,24,12,6,12,6
438,everyone,91,24,21,2,12,10
439,etc,114,32,19,1,22,8
440,'there,40,21,9,6,5,4
441,interpretation,760,181,125,31,151,33
442,outline,111,10,23,3,30,3
443,impossible,99,37,16,2,22,7
444,practical,156,33,19,6,34,7
445,mythological,87,16,12,7,16,2
446,working,236,30,31,5,68,4
447,virtue,266,54,33,12,56,11
448,great,642,118,114,15,122,19
449,ideology,87,23,20,3,16,4
450,entire,151,50,29,5,36,10
451,number,804,305,125,49,174,61
452,describe,102,32,22,4,25,4
453,excessive,43,21,13,4,4,6
454,loss,50,19,12,4,10,1
455,know,376,79,67,14,71,8
456,fall,93,36,24,4,11,7
457,eye,74,18,14,2,15,5
458,prose,204,32,33,8,42,8
459,theory,559,141,121,34,105,24
460,attested,96,18,11,5,25,5
461,positions,83,23,12,5,13,7
462,textual,358,88,46,10,99,16
463,effective,101,9,16,2,21,1
464,although,1193,294,175,43,257,64
465,titles,79,39,14,5,23,10
466,demonstrates,174,45,24,13,36,8
467,five,197,47,26,9,56,8
468,pottery,156,18,14,3,44,0
469,deserves,121,15,14,4,35,1
470,involved,151,37,18,8,38,12
471,personal,196,54,31,16,38,9
472,whether,620,216,107,42,119,43
473,stylistic,104,31,16,5,27,7
474,control,132,35,25,8,22,3
475,apollonius,80,23,23,12,3,1
476,full,436,95,76,19,88,13
477,remark,73,19,14,3,12,4
478,distinguished,71,8,9,0,14,1
479,events,255,52,40,8,55,6
480,poetics,104,23,18,10,25,3
481,n.,459,324,95,90,63,53
482,attack,53,20,11,3,4,4
483,never,290,96,48,20,37,21
484,debates,124,11,16,2,33,4
485,fundamental,126,47,15,7,25,8
486,king,136,47,22,5,20,4
487,christianity,150,34,17,8,32,10
488,experience,235,38,46,7,54,10
489,sections,354,60,59,6,89,15
490,solution,71,25,21,3,11,8
491,philosophical,443,82,78,14,103,24
492,noted,154,161,22,23,39,33
493,living,108,18,21,3,24,3
494,standards,73,32,9,5,11,7
495,explained,112,42,15,9,24,7
496,scenes,92,24,16,4,17,2
497,instances,117,49,22,11,22,7
498,n,65,31,14,2,7,2
499,discuss,131,38,23,5,32,9
500,stories,130,20,29,8,24,1
501,comparative,171,19,25,3,44,7
502,emerges,79,13,14,3,19,4
503,speaking,99,20,25,5,15,2
504,rare,94,57,15,4,18,9
505,reviewer,173,67,21,19,35,14
506,assumption,116,36,25,3,15,10
507,display,101,29,17,5,23,7
508,fragments,357,64,57,25,71,9
509,practice,357,76,61,15,74,13
510,admits,67,22,6,7,20,4
511,least,660,165,118,36,128,28
512,virgil,186,33,33,7,42,3
513,often,1017,318,197,54,181,55
514,version,268,77,52,17,47,15
515,length,133,46,26,10,24,7
516,satire,75,18,6,4,16,1
517,nearly,102,29,23,2,17,5
518,/,110,38,15,5,15,5
519,40,77,22,13,2,16,9
520,t6,207,52,38,8,41,14
521,landscape,93,13,12,0,37,4
522,rich,280,27,38,2,84,5
523,reach,71,20,10,2,20,4
524,around,194,28,35,4,43,6
525,extent,216,59,31,12,53,11
526,plans,111,14,12,4,29,2
527,leads,146,55,29,7,22,10
528,element,97,25,19,4,20,2
529,notes,1122,215,207,43,234,42
530,deal,467,33,89,7,73,5
531,belong,52,18,6,5,11,1
532,takes,302,65,56,13,58,15
533,collections,111,18,21,3,20,2
534,community,179,30,28,6,42,11
535,mostly,204,51,37,6,57,10
536,proclus,71,14,10,5,14,2
537,pleasure,189,26,33,5,42,10
538,funerary,106,10,18,1,19,3
539,trivial,19,36,6,9,3,6
540,novel,187,26,24,3,34,5
541,academic,136,40,20,1,33,12
542,pp,853,169,136,28,155,30
543,go,190,43,40,12,35,6
544,vast,101,19,15,4,19,3
545,scholarship,935,134,122,29,232,31
546,p,190,93,23,31,30,22
547,discipline,74,12,9,1,15,2
548,philological,162,17,24,2,45,8
549,histories,81,21,19,3,16,6
550,systems,78,13,16,4,24,3
551,coherent,105,17,17,4,25,4
552,david,104,17,17,4,23,2
553,describing,85,14,14,0,12,5
554,person,206,44,48,7,38,7
555,search,77,18,16,4,16,2
556,narrative,471,139,72,25,90,32
557,frequent,96,59,13,10,20,15
558,expected,134,35,23,6,22,9
559,38,49,26,6,3,2,8
560,served,86,21,15,5,16,5
561,tablets,80,19,6,0,16,2
562,engage,84,24,10,8,29,1
563,female,179,50,23,9,31,9
564,graduate,113,3,14,0,20,0
565,byzantine,171,25,24,5,60,8
566,focused,86,22,7,6,25,3
567,raises,151,18,14,3,38,1
568,''i,45,34,3,4,19,5
569,implies,61,21,10,5,9,5
570,explaining,123,20,24,7,24,2
571,subtle,105,16,16,2,20,3
572,fine,199,38,35,6,36,2
573,cites,112,39,17,9,17,8
574,army,105,26,19,1,14,3
575,acknowledges,86,30,17,10,16,6
576,levels,90,12,13,4,25,1
577,cover,145,25,21,2,35,8
578,elegant,73,13,14,0,14,5
579,essays,589,51,86,6,148,13
580,opens,93,11,14,2,22,2
581,generally,508,120,82,27,100,24
582,drawn,149,29,23,4,23,6
583,reveal,77,21,16,2,14,6
584,well-known,101,20,19,3,24,6
585,land,120,28,20,1,33,7
586,economic,175,29,36,9,37,4
587,created,101,25,10,5,32,2
588,shared,100,28,16,7,24,4
589,deserve,69,15,11,3,15,7
590,due,171,108,32,18,38,16
591,imagery,88,13,19,5,11,2
592,offered,215,44,30,7,54,13
593,originally,69,17,8,3,13,4
594,response,136,37,26,5,26,9
595,going,104,20,19,3,19,2
596,presentation,343,86,39,15,87,12
597,extensive,313,36,49,4,69,4
598,x,62,21,11,2,13,4
599,article,414,115,77,23,89,16
600,legal,183,49,39,15,36,8
601,n2,479,130,76,21,134,32
602,19,75,41,16,8,20,4
603,evident,74,23,11,4,16,6
604,ideal,120,26,20,7,27,4
605,t4,315,94,49,13,84,25
606,horace,218,48,32,9,21,5
607,powerful,82,24,14,1,17,5
608,reading,1436,281,247,49,294,43
609,space,223,72,35,7,58,12
610,''there,46,44,6,7,12,14
611,military,271,71,46,5,46,8
612,bad,368,43,71,9,45,3
613,''in,321,55,28,6,130,15
614,became,120,23,26,3,25,4
615,verbal,70,16,14,3,10,4
616,citizens,120,17,15,3,18,1
617,said,326,69,61,7,62,15
618,easily,204,66,30,9,38,12
619,credit,55,18,12,3,12,3
620,linguistic,207,41,29,10,57,12
621,god,252,51,37,15,64,11
622,2,1004,325,156,46,245,60
623,distinction,217,49,50,7,31,8
624,o,89,38,12,2,3,3
625,perhaps,848,279,159,47,141,35
626,thinking,181,36,31,10,38,4
627,couple,48,27,8,9,6,4
628,bibliographic,54,24,7,2,11,9
629,tools,97,15,24,1,23,2
630,years,520,95,108,19,104,18
631,technical,250,67,38,13,63,14
632,ritual,202,30,38,11,35,2
633,deals,152,25,16,5,33,4
634,genres,93,16,16,4,24,2
635,nevertheless,334,71,59,14,67,15
636,alexander,238,62,43,7,44,10
637,building,167,22,35,4,36,4
638,worst,11,20,1,4,2,5
639,companion,164,11,16,0,48,3
640,specialists,171,16,28,1,37,1
641,understandable,48,29,10,6,11,6
642,http,240,28,9,2,114,9
643,lack,304,194,56,30,62,43
644,59,33,23,4,2,2,6
645,ars,45,21,3,0,8,2
646,understanding,743,116,94,18,173,34
647,bronze,130,23,11,5,43,5
648,fair,60,29,11,9,11,3
649,along,296,42,49,9,58,6
650,express,49,17,6,0,11,4
651,72,33,25,4,6,10,2
652,bit,142,38,24,4,30,5
653,story,283,63,45,16,55,7
654,reports,84,19,13,3,20,4
655,complex,359,62,52,13,76,17
656,interaction,95,11,14,2,22,1
657,university,259,38,29,4,48,2
658,account,913,177,152,36,191,30
659,similar,284,84,46,15,53,18
660,continuity,71,9,8,0,18,2
661,chorus,75,19,12,3,12,6
662,illustrate,111,15,17,1,25,4
663,soul,172,43,31,7,47,8
664,placed,96,22,13,2,24,6
665,beautiful,69,13,12,1,12,4
666,respect,174,37,26,10,35,3
667,chapter,2359,386,340,64,569,100
668,coinage,69,15,11,3,18,3
669,giving,181,30,33,6,41,7
670,criticisms,119,26,23,3,20,4
671,suspect,68,24,12,3,9,5
672,starting,247,17,33,3,58,3
673,stands,87,23,18,7,21,2
674,grasp,66,20,13,6,16,4
675,multiple,70,16,10,1,23,8
676,german,238,45,55,6,43,10
677,techniques,117,12,18,1,23,5
678,highlights,93,15,8,2,32,4
679,descriptions,127,26,18,4,20,5
680,decades,87,17,14,1,20,5
681,derive,46,20,5,4,5,6
682,odes,105,23,20,3,20,0
683,job,307,18,42,4,66,4
684,draws,188,26,32,7,42,5
685,connections,137,19,29,5,24,0
686,benefit,117,19,15,2,26,2
687,conditions,81,8,11,1,20,1
688,first,1799,426,297,73,376,77
689,philosopher,125,16,12,3,32,4
690,level,277,69,50,11,68,13
691,generation,53,19,2,2,8,3
692,marks,72,29,10,4,15,7
693,wisdom,116,20,16,3,22,5
694,lost,198,51,44,10,38,6
695,details,313,73,60,15,57,16
696,nothing,222,74,46,15,43,9
697,always,489,183,89,31,107,40
698,t1,515,105,77,11,145,32
699,absent,38,31,9,4,6,9
700,entitled,79,14,11,1,14,1
701,refer,122,52,15,6,27,8
702,athens,417,104,87,34,61,16
703,archaeologists,78,13,11,1,18,4
704,must,679,223,135,43,115,27
705,learn,154,29,21,5,36,5
706,testimony,72,11,13,1,22,2
707,order,562,147,82,27,122,31
708,n9,97,40,17,3,15,5
709,position,291,91,52,15,56,18
710,n1,516,106,77,11,145,31
711,wide,236,20,32,1,62,7
712,scale,66,19,11,4,17,3
713,pattern,66,39,10,14,10,3
714,looks,138,23,24,6,23,2
715,appreciate,92,32,19,6,20,6
716,factual,33,70,4,17,8,15
717,particular,845,155,134,30,181,33
718,grammatical,100,47,9,5,32,14
719,wider,202,26,33,5,57,6
720,situation,141,40,20,9,29,6
721,connected,98,18,16,1,22,3
722,notion,199,55,37,9,33,15
723,codex,28,19,3,1,5,2
724,non,73,27,12,3,14,11
725,seemed,46,17,6,4,8,1
726,list,515,124,82,17,120,28
727,quotations,107,44,17,7,22,11
728,continues,89,21,16,4,21,3
729,so-called,105,25,12,3,21,3
730,selected,86,19,11,4,23,5
731,focusing,97,10,13,3,29,2
732,athenians,99,35,15,5,14,6
733,livy,131,41,30,8,14,4
734,readable,184,20,36,7,37,2
735,thoroughly,99,23,15,5,19,1
736,structures,119,29,22,8,24,1
737,interpreted,78,12,9,1,16,1
738,valerius,71,8,14,1,8,0
739,represent,133,28,25,5,30,5
740,followed,273,34,45,4,64,8
741,towards,251,43,28,6,52,11
742,apply,52,17,8,3,14,5
743,reflections,77,8,12,0,24,4
744,est,48,17,10,1,10,3
745,held,121,23,20,4,33,3
746,creation,87,14,14,1,21,2
747,cases,315,108,48,17,69,20
748,say,447,143,95,26,56,30
749,recently,181,19,23,2,43,1
750,future,288,43,34,5,81,10
751,presumably,68,36,16,7,12,6
752,history,1568,223,232,44,324,43
753,step,84,19,11,1,20,4
754,underlying,64,18,9,5,10,3
755,merits,68,25,11,2,16,7
756,familiar,247,40,32,10,44,8
757,feel,114,32,24,6,17,3
758,believes,98,22,21,5,17,1
759,figure,218,63,36,9,48,11
760,choice,267,56,47,13,53,13
761,truth,153,42,23,12,34,8
762,oedipus,67,20,7,2,16,6
763,seem,432,191,68,37,89,41
764,combined,68,13,12,2,14,3
765,support,215,65,41,18,43,12
766,solid,122,15,24,1,25,4
767,revealed,39,21,6,4,11,3
768,h.,468,126,104,24,11,5
769,effort,132,24,17,6,22,5
770,harrison,49,22,16,9,5,3
771,identified,145,27,23,2,38,5
772,papyri,125,14,27,8,25,0
773,terms,690,173,111,46,128,25
774,briefly,116,26,25,5,31,1
775,t10,90,29,20,2,12,1
776,pompey,42,17,6,4,6,0
777,existence,116,37,22,3,14,9
778,museum,113,20,15,3,38,2
779,apparatus,244,93,32,20,61,15
780,47,51,23,13,7,9,4
781,archaeological,400,72,44,9,107,18
782,near,162,26,25,4,37,3
783,reconstruction,164,32,23,5,52,8
784,16,116,54,26,10,20,13
785,notions,60,21,4,5,11,7
786,together,460,76,64,16,101,14
787,historiography,135,16,19,1,34,2
788,mind,289,78,62,15,55,12
789,crucial,103,37,20,9,17,5
790,s.,510,135,116,43,22,4
791,vision,123,20,20,5,25,3
792,initial,80,34,17,7,16,7
793,third,338,73,52,8,75,16
794,progress,72,21,7,7,14,5
795,strategies,68,7,12,1,18,0
796,revision,68,22,18,5,12,3
797,accept,113,30,31,7,16,3
798,proposed,83,31,10,5,15,7
799,missing,100,109,17,18,26,29
800,black,128,23,10,1,35,10
801,professional,86,14,15,2,20,2
802,increasingly,64,22,9,3,17,7
803,demosthenes,101,28,29,4,11,2
804,quoted,121,41,20,11,26,9
805,fails,95,45,20,9,14,5
806,world,906,129,152,25,195,22
807,sicily,67,5,9,1,21,1
808,46,48,22,10,4,5,4
809,breadth,73,10,9,2,26,2
810,parts,334,64,50,8,82,12
811,attention,610,115,90,16,160,20
812,elements,258,61,48,10,55,10
813,balanced,96,15,23,6,17,2
814,suggests,362,107,74,18,66,24
815,bibliographies,88,10,11,0,24,6
816,fragmentary,90,20,9,4,25,6
817,offer,441,70,62,11,114,12
818,needed,150,43,34,8,21,6
819,status,225,60,40,17,48,9
820,year,108,38,22,4,16,6
821,le,102,22,11,3,33,4
822,higher,52,17,14,5,11,2
823,verb,99,34,20,6,18,5
824,nature,671,148,112,24,126,25
825,style,428,133,85,19,74,24
826,theme,242,48,36,10,41,5
827,treatment,596,111,110,23,138,14
828,actually,236,99,41,19,48,16
829,twice,29,24,2,3,4,3
830,richard,79,17,16,2,16,3
831,altogether,57,25,11,5,8,3
832,addition,564,78,96,14,136,13
833,direct,173,40,24,7,53,10
834,represented,122,23,21,4,30,4
835,final,399,102,59,13,91,19
836,dead,81,22,22,7,14,3
837,regional,71,12,9,2,20,3
838,describes,139,28,22,7,22,4
839,slaves,115,40,27,9,32,7
840,dates,99,24,24,2,15,6
841,thematic,109,23,7,1,34,5
842,literature,862,118,144,26,160,27
843,following,349,146,48,23,71,21
844,professor,71,6,14,1,15,1
845,assumes,57,21,14,3,6,1
846,keep,83,28,11,5,24,4
847,42,39,20,7,2,7,4
848,epigram,69,7,9,2,16,0
849,careful,293,64,64,14,61,15
850,suggesting,74,21,5,1,21,4
851,time,1050,206,172,37,216,41
852,make,1111,252,194,51,224,39
853,references,554,157,74,21,103,26
854,n4,315,94,49,13,84,25
855,publication,304,60,34,8,87,18
856,false,69,31,14,5,15,3
857,gods,278,83,55,16,59,17
858,categories,140,33,24,5,26,6
859,insight,159,15,30,3,40,5
860,printed,133,50,18,5,25,13
861,insights,303,25,48,7,88,3
862,praise,94,17,12,4,14,3
863,studying,111,9,27,1,23,1
864,answer,133,33,23,4,31,8
865,tell,91,26,22,9,11,0
866,heroic,88,22,21,2,18,5
867,g,67,19,15,7,1,1
868,carefully,197,51,39,7,36,12
869,providing,318,42,51,4,74,10
870,49,43,18,7,4,5,2
871,locorum,116,13,17,2,18,5
872,data,304,40,37,2,85,7
873,socrates,503,133,90,25,88,12
874,required,105,29,14,8,22,6
875,misprints,42,49,8,7,9,5
876,communities,84,10,8,1,26,3
877,wealth,190,18,36,1,41,5
878,xenophon,136,40,28,6,13,4
879,students,1137,125,196,27,259,31
880,nero,48,24,8,7,3,3
881,interests,148,24,19,5,31,7
882,religious,351,60,37,12,96,13
883,showing,231,37,37,10,46,7
884,characterization,74,16,16,5,17,2
885,spot,14,19,0,3,4,2
886,field,459,44,71,7,114,10
887,things,454,61,91,18,58,7
888,principal,88,26,10,5,19,4
889,difficulty,87,35,23,8,17,5
890,conclude,126,18,15,1,25,0
891,slips,18,28,5,1,2,7
892,objects,198,27,24,7,64,6
893,c,133,35,43,10,15,5
894,act,121,36,19,2,20,5
895,writes,118,16,16,1,27,2
896,repetition,57,36,6,8,8,6
897,books,408,79,73,11,79,14
898,behind,137,31,18,10,28,7
899,highlight,67,6,6,1,16,0
900,longer,131,44,20,5,32,5
901,furthermore,89,38,12,7,25,10
902,expert,70,10,5,3,20,0
903,negative,311,44,45,9,73,8
904,older,76,25,10,6,16,4
905,statements,88,47,15,13,10,8
906,stresses,169,24,23,5,34,6
907,turns,123,34,18,6,27,6
908,vergil,116,22,24,4,16,2
909,italy,185,28,18,5,47,7
910,democratic,83,30,11,8,16,6
911,possibly,103,25,18,4,16,6
912,capacity,52,20,10,3,9,4
913,writing,367,99,70,14,82,15
914,christian,455,87,58,9,122,19
915,properly,70,23,7,4,16,3
916,distracting,21,21,6,4,3,7
917,appear,259,98,44,15,48,24
918,whose,455,120,69,23,86,19
919,k.,221,66,50,15,6,1
920,non-specialist,79,14,8,3,21,3
921,plan,74,27,15,4,15,6
922,instead,307,198,39,29,79,44
923,allow,129,20,20,7,32,2
924,addressed,85,25,11,4,24,5
925,admit,45,19,10,4,7,4
926,section,981,176,148,33,204,27
927,r.,409,89,87,18,17,4
928,ages,90,20,11,1,19,2
929,direction,76,15,14,4,18,2
930,detail,373,78,62,8,90,15
931,expectations,49,24,7,3,14,6
932,goes,198,42,42,4,38,10
933,discussions,442,51,91,6,109,8
934,moreover,203,55,36,10,38,10
935,neither,191,55,40,13,38,8
936,letters,296,67,44,18,66,11
937,speech,309,83,64,16,56,21
938,vii,56,21,12,5,9,5
939,anyone,365,47,58,5,92,15
940,gives,606,83,112,15,127,17
941,provided,451,36,54,5,93,9
942,difference,146,38,27,6,34,4
943,metaphysics,72,12,9,2,19,1
944,gloss,21,19,5,5,1,2
945,regarding,221,39,27,4,49,8
946,rather,1373,460,250,102,264,96
947,common,356,116,43,13,83,21
948,information,939,122,149,19,211,18
949,politics,259,55,43,12,48,11
950,patterns,102,30,18,8,23,5
951,present,625,127,92,19,149,24
952,help,321,44,71,9,54,8
953,c.,470,128,130,34,29,7
954,kinds,109,27,20,6,27,3
955,divine,224,60,29,8,55,13
956,des,134,26,20,5,22,8
957,113,28,18,6,4,4,2
958,however,1281,512,198,107,259,85
959,genre,283,57,55,7,50,11
960,examination,203,28,39,5,41,7
961,comparable,51,19,6,8,7,3
962,mark,95,28,25,7,16,3
963,attributes,48,18,13,5,7,3
964,assume,84,39,19,7,12,8
965,line,395,277,75,51,57,35
966,similarly,124,37,19,7,27,6
967,words,516,196,86,41,113,28
968,doctrine,94,17,12,5,15,4
969,cf,228,91,50,18,33,13
970,expression,127,36,25,6,25,4
971,opposition,77,23,11,3,18,3
972,notable,57,36,6,6,10,10
973,base,49,17,5,5,10,1
974,facts,97,30,13,9,19,7
975,entries,134,45,14,5,27,10
976,note,576,231,117,39,103,38
977,representation,158,36,25,5,37,9
978,troy,58,19,7,2,16,7
979,marriage,114,27,20,5,15,2
980,test,63,20,12,3,10,2
981,classicists,192,23,41,6,32,4
982,108,19,20,1,2,4,2
983,people,375,102,53,13,71,24
984,argues,625,182,96,27,144,38
985,brings,207,27,36,4,42,6
986,content,195,66,29,7,33,15
987,editor,194,73,31,12,41,21
988,philip,78,15,12,3,16,2
989,accounts,190,47,35,6,32,13
990,relationships,119,17,23,2,33,6
991,toward,161,36,30,2,36,10
992,cults,86,14,9,0,18,5
993,writings,153,28,26,7,34,3
994,precisely,158,50,24,6,30,13
995,someone,122,24,19,4,21,6
996,iii,144,46,26,12,30,7
997,library,108,17,20,0,23,4
998,shortcomings,44,24,9,2,9,6
999,activities,120,17,25,5,24,2
1000,taking,155,30,16,3,35,6
1001,considering,107,37,10,7,22,8
1002,medicine,98,17,7,1,15,2
1003,poetic,238,42,41,9,44,5
1004,unique,96,14,15,3,27,2
1005,rational,69,14,6,1,11,1
1006,r,106,35,8,5,9,0
1007,archaic,219,49,34,11,56,3
1008,/b,107,19,15,0,0,0
1009,quibble,28,17,3,1,5,5
1010,purpose,191,57,30,8,37,14
1011,efforts,81,29,13,4,7,9
1012,structure,314,77,64,13,63,11
1013,paragraph,64,56,9,10,7,8
1014,rendered,39,26,7,4,9,4
1015,blame,23,20,2,3,3,5
1016,poem,501,106,90,26,75,15
1017,;,6080,2394,1150,449,1117,428
1018,julian,48,18,7,5,5,2
1019,comparisons,131,16,23,4,28,2
1020,addresses,95,17,16,2,26,5
1021,d.,354,113,93,39,26,7
1022,zeus,56,17,9,8,6,2
1023,three,738,180,110,30,146,40
1024,including,559,97,91,15,157,20
1025,exploration,99,11,12,3,24,3
1026,convince,34,23,8,4,9,4
1027,concise,183,12,34,3,42,3
1028,reader,1360,282,223,64,271,41
1029,primary,267,54,32,6,56,8
1030,short,509,95,84,16,112,23
1031,closely,118,23,25,5,20,3
1032,documents,136,26,23,6,33,4
1033,agamemnon,62,18,9,4,8,0
1034,action,164,56,22,4,32,10
1035,provocative,121,14,31,2,24,1
1036,exegesis,78,13,7,0,19,3
1037,repetitive,15,19,3,3,2,7
1038,confusion,57,63,12,14,11,12
1039,evaluation,88,13,17,5,22,1
1040,questions,645,76,78,16,150,11
1041,britain,58,23,9,0,9,6
1042,plutarch,241,45,49,9,48,7
1043,surrounding,74,10,9,2,11,1
1044,ovid,331,111,75,21,38,17
1045,areas,228,35,26,5,54,12
1046,lot,117,27,22,7,22,2
1047,recognition,60,22,8,5,18,5
1048,sea,107,23,15,1,24,6
1049,hard,171,45,43,4,30,12
1050,galen,95,15,16,5,7,0
1051,monuments,129,20,26,5,40,3
1052,proper,173,47,25,14,33,9
1053,metrical,77,15,16,1,16,4
1054,case,1039,270,188,49,211,54
1055,hardly,160,62,35,10,22,9
1056,nicely,61,17,8,2,8,3
1057,admittedly,44,30,4,3,10,9
1058,reflected,66,19,8,0,23,4
1059,publisher,39,36,5,6,7,6
1060,republic,316,47,55,9,74,7
1061,pieces,192,25,30,3,61,5
1062,seen,310,61,74,14,48,7
1063,b.,372,98,110,41,10,3
1064,rome,636,159,107,27,115,21
1065,truly,121,21,21,2,24,4
1066,'i,45,25,5,6,4,4
1067,compare,103,9,23,3,24,0
1068,statue,68,20,14,5,11,3
1069,scholars,1098,199,134,38,266,38
1070,lively,78,11,6,1,18,2
1071,cognitive,40,17,14,3,10,7
1072,classical,878,134,136,30,199,35
1073,1998,64,26,19,11,5,3
1074,room,78,14,11,4,18,3
1075,woman,105,33,16,6,9,1
1076,earlier,537,136,101,31,106,28
1077,despite,394,112,78,22,86,22
1078,contains,456,103,87,16,99,19
1079,work,2589,446,412,92,596,88
1080,fashion,84,13,18,4,15,1
1081,materials,150,16,19,1,39,4
1082,previous,329,78,57,14,79,13
1083,democracy,124,32,21,10,21,7
1084,secondary,187,44,40,4,32,7
1085,intelligent,83,6,13,0,15,1
1086,missed,56,21,13,3,7,2
1087,undermine,12,20,1,5,3,6
1088,quotation,80,59,15,5,12,7
1089,classroom,75,9,11,0,23,2
1090,marred,22,37,4,3,4,7
1091,formatting,10,27,1,4,2,8
1092,sixth,82,18,13,1,15,4
1093,gets,74,13,14,1,13,1
1094,??,12,20,8,4,1,2
1095,gain,86,9,18,2,20,1
1096,unlikely,67,22,19,2,8,4
1097,includes,458,52,77,8,121,7
1098,conservative,40,21,5,5,7,3
1099,dialogues,185,41,48,4,30,5
1100,o.,81,15,19,5,5,0
1101,long,489,141,83,19,97,37
1102,allusions,84,20,13,2,16,1
1103,date,273,63,53,10,48,13
1104,independent,82,20,17,2,10,4
1105,site,206,32,36,3,46,11
1106,slavitt,16,25,3,1,2,0
1107,compelling,100,19,21,4,27,3
1108,intended,217,67,33,10,44,8
1109,possibilities,69,7,9,0,14,2
1110,wrote,104,28,21,5,16,4
1111,surviving,80,16,12,3,19,2
1112,sacred,84,15,8,4,20,2
1113,answers,85,20,11,3,24,2
1114,poetry,627,110,87,16,126,14
1115,exposition,103,17,22,2,19,4
1116,bc,167,55,15,7,32,18
1117,tend,61,22,11,4,14,6
1118,teach,73,5,12,1,13,0
1119,believe,205,42,37,7,34,6
1120,definition,171,52,27,6,37,12
1121,inspired,55,21,7,3,18,6
1122,abstract,63,17,12,2,15,5
1123,strongly,72,15,12,0,17,3
1124,environment,72,11,5,4,14,2
1125,document,68,12,15,1,9,1
1126,clear,808,136,152,29,162,22
1127,totally,29,21,5,4,10,3
1128,finally,285,79,43,16,62,17
1129,tendency,102,48,19,4,20,6
1130,greek,6042,2000,1483,470,1240,418
1131,conclusions,383,89,64,13,77,22
1132,phrase,120,52,24,10,16,11
1133,athenian,414,113,68,33,90,16
1134,8,296,114,48,22,58,27
1135,church,117,24,13,3,28,5
1136,comic,106,39,18,13,23,5
1137,concerned,195,44,45,9,35,6
1138,comparing,49,18,6,6,10,1
1139,took,94,29,12,7,21,6
1140,east,187,20,27,2,49,4
1141,perceived,53,27,9,2,10,5
1142,preceding,71,22,10,0,14,5
1143,conventions,71,12,13,0,16,5
1144,wishes,69,12,15,1,13,0
1145,included,318,59,46,7,65,17
1146,cities,183,44,30,12,36,11
1147,lucid,106,19,17,3,26,8
1148,map,157,26,28,7,36,4
1149,service,141,21,21,3,26,3
1150,introduced,77,30,13,10,17,4
1151,allows,174,38,27,6,37,9
1152,discussed,332,66,48,11,81,18
1153,cambridge,158,23,23,5,38,2
1154,intriguing,72,12,12,1,14,3
1155,press,129,37,20,6,17,6
1156,tables,126,17,17,4,40,2
1157,?,710,193,111,44,182,30
1158,arise,41,18,8,7,9,4
1159,developed,158,23,22,4,42,6
1160,la,238,38,18,7,67,8
1161,de,718,157,85,16,188,47
1162,explanations,127,39,14,3,43,9
1163,indices,221,21,29,1,62,4
1164,responsible,45,24,8,7,10,3
1165,commentaries,249,23,43,0,44,9
1166,ambitious,72,10,16,2,16,3
1167,overall,418,91,56,18,100,24
1168,m.,609,164,147,61,25,6
1169,interest,563,74,108,9,121,11
1170,odyssey,130,34,25,10,23,7
1171,consistency,40,21,6,3,5,6
1172,l.,394,154,114,27,17,22
1173,''a,57,19,4,2,22,6
1174,rigorous,44,18,5,2,11,6
1175,allusion,69,27,13,7,10,1
1176,analysis,1201,176,182,32,270,35
1177,sentence,101,82,23,11,13,18
1178,echoes,38,17,5,2,7,7
1179,process,230,72,40,12,49,15
1180,sophocles,115,25,32,6,9,2
1181,surprising,110,79,19,12,23,17
1182,m,105,43,24,3,3,4
1183,aeschylus,94,20,17,4,16,2
1184,influence,319,68,36,10,66,13
1185,platonic,193,28,32,7,53,6
1186,american,100,27,16,3,15,8
1187,concerning,275,56,53,9,59,12
1188,challenge,93,23,9,3,24,7
1189,documentation,93,10,14,0,12,2
1190,slavery,84,26,8,4,34,1
1191,function,223,40,44,8,43,8
1192,share,79,20,15,3,14,5
1193,arrangement,78,13,10,1,16,1
1194,thing,203,33,47,6,30,6
1195,n3,384,98,49,11,104,30
1196,motifs,67,7,9,2,18,1
1197,reported,42,18,8,2,4,2
1198,stage,142,40,27,8,32,9
1199,usual,101,31,15,7,18,7
1200,...,620,220,182,64,32,11
1201,size,89,23,3,4,22,3
1202,opinion,228,61,49,13,45,9
1203,sexuality,73,17,11,2,18,1
1204,report,82,21,12,1,19,5
1205,referring,70,23,21,4,12,2
1206,italics,16,22,2,4,4,4
1207,periods,150,36,23,2,38,7
1208,printing,33,57,6,13,7,10
1209,t5,278,74,44,7,66,20
1210,attributed,87,34,14,4,20,7
1211,define,71,19,11,2,13,7
1212,70,41,18,9,3,8,3
1213,reasonable,97,20,25,6,18,5
1214,tool,310,22,42,8,78,6
1215,based,376,112,61,15,83,23
1216,develop,77,15,17,3,17,2
1217,inconsistency,20,25,6,3,3,5
1218,arguments,603,178,115,32,127,30
1219,two,1678,483,256,78,365,73
1220,transmission,111,30,20,5,19,1
1221,mere,78,33,17,6,13,6
1222,raised,112,18,21,4,23,3
1223,remarkable,111,30,17,6,27,8
1224,wholly,51,20,14,1,8,3
1225,last,507,119,83,18,103,14
1226,aristocratic,71,16,15,4,12,1
1227,critical,421,101,68,19,92,17
1228,whatever,89,23,19,5,8,3
1229,product,70,21,9,6,19,5
1230,overview,511,22,67,3,138,3
1231,effects,105,19,16,2,23,4
1232,stress,75,12,7,3,16,2
1233,thinks,104,23,21,4,18,3
1234,format,97,25,9,2,20,6
1235,new,1638,254,262,43,352,42
1236,fully,193,66,29,10,47,16
1237,greeks,211,68,41,12,29,6
1238,sum,210,26,33,2,47,8
1239,saying,86,17,17,3,13,2
1240,print,87,11,16,0,26,4
1241,says,249,59,47,14,28,7
1242,start,137,26,29,5,25,3
1243,compared,82,21,14,1,20,5
1244,challenging,83,11,8,2,24,2
1245,opportunity,127,21,25,6,29,4
1246,51,48,18,11,3,12,4
1247,inscription,136,23,27,8,27,4
1248,century,848,174,132,24,157,40
1249,sophisticated,105,22,15,5,23,3
1250,appears,277,105,47,19,51,20
1251,text,2234,732,371,132,489,154
1252,translator,74,25,16,5,12,3
1253,feature,199,29,32,5,41,5
1254,insists,71,10,18,2,13,2
1255,follow,266,67,42,6,57,13
1256,sentences,58,32,4,4,11,4
1257,achieved,69,8,12,3,13,0
1258,accents,11,27,0,6,4,9
1259,use,1455,376,229,75,320,70
1260,supported,99,12,13,1,26,4
1261,alcibiades,42,21,9,9,10,1
1262,quite,688,147,117,23,103,25
1263,apart,134,61,27,4,34,14
1264,major,380,141,67,26,77,25
1265,view,954,269,177,44,194,54
1266,maps,220,36,30,6,59,6
1267,address,117,29,17,7,25,5
1268,behavior,93,22,16,5,14,4
1269,genuine,81,29,12,11,22,4
1270,renaissance,147,20,22,5,31,4
1271,area,282,32,48,7,70,5
1272,narrator,41,19,8,2,5,4
1273,population,82,22,7,8,17,4
1274,stand,80,26,13,2,16,7
1275,remains,375,146,63,22,76,38
1276,apparent,117,68,18,6,17,16
1277,victory,62,21,10,7,15,3
1278,readership,88,15,19,0,22,2
1279,royal,83,9,13,2,23,1
1280,research,645,75,99,15,187,21
1281,region,165,14,26,0,42,3
1282,fairly,115,31,21,3,16,7
1283,43,54,27,19,8,7,6
1284,f.,312,76,55,21,11,0
1285,boundaries,79,18,15,3,22,6
1286,hero,98,44,19,18,23,1
1287,portrait,89,15,15,3,17,3
1288,added,115,40,19,10,22,7
1289,ii,295,74,35,17,51,19
1290,famous,196,48,31,8,40,10
1291,inclusion,151,36,22,8,36,11
1292,form,567,113,119,19,121,19
1293,imperial,382,71,79,9,88,22
1294,turning,45,19,7,5,11,1
1295,32,45,25,8,2,13,4
1296,partly,91,16,15,5,23,5
1297,sanctuary,88,15,18,2,14,5
1298,detailed,621,72,98,14,143,9
1299,even,1738,481,271,85,317,74
1300,certainly,557,99,92,27,115,19
1301,impact,110,17,12,0,28,6
1302,aesthetic,74,12,13,1,20,0
1303,sextus,67,21,9,8,11,1
1304,themes,301,50,41,7,79,6
1305,food,90,16,14,4,20,3
1306,sign,58,20,8,5,17,5
1307,table,241,45,28,3,69,7
1308,water,70,15,10,1,17,3
1309,aristotelian,88,18,8,4,21,4
1310,considerable,144,39,31,8,25,6
1311,distinct,73,26,7,1,18,4
1312,creates,29,17,2,1,8,4
1313,coming,85,17,14,3,13,2
1314,and/or,79,28,20,3,16,4
1315,many,1970,488,306,105,402,101
1316,selection,196,35,31,6,52,11
1317,displays,57,21,3,0,11,6
1318,der,165,35,43,9,29,8
1319,leading,92,17,15,4,21,3
1320,additions,62,19,10,5,16,4
1321,fifth-century,69,8,14,0,11,0
1322,model,369,60,59,11,82,15
1323,highest,72,8,9,1,18,2
1324,myth,285,89,41,23,43,12
1325,treatments,79,16,11,1,17,3
1326,father,108,27,30,3,7,5
1327,obscure,79,32,8,8,22,4
1328,53,28,24,4,4,5,8
1329,task,151,21,19,4,33,3
1330,parmenides,70,24,8,5,12,3
1331,type,187,50,23,12,45,12
1332,engaged,85,8,10,1,26,2
1333,sorts,41,21,6,3,9,6
1334,fewer,22,18,4,3,5,0
1335,definitions,75,13,14,0,17,3
1336,conflict,86,29,16,6,12,3
1337,groups,128,25,23,4,24,6
1338,weight,42,20,13,2,4,2
1339,individuals,107,31,16,8,19,7
1340,free,123,126,13,16,26,36
1341,albeit,70,15,10,2,21,3
1342,insignificant,10,22,2,3,2,5
1343,centuries,210,33,39,5,46,8
1344,emendations,42,22,4,4,7,3
1345,omit,20,18,4,3,4,3
1346,might,1386,316,237,53,277,64
1347,comes,237,62,40,12,46,9
1348,v.,164,44,34,15,15,5
1349,anything,160,50,31,10,31,10
1350,wrong,125,57,17,12,19,10
1351,historians,303,72,55,11,71,14
1352,teaching,209,18,28,5,62,6
1353,degree,128,48,18,8,22,7
1354,developments,116,20,26,5,27,3
1355,t8,116,47,17,10,19,11
1356,rejects,76,20,11,5,17,2
1357,somewhat,286,121,47,23,57,25
1358,consulted,44,17,10,4,7,2
1359,polis,164,33,30,5,27,6
1360,orator,48,18,10,7,9,3
1361,back,262,84,46,18,46,12
1362,coverage,71,13,13,1,19,2
1363,seems,857,423,166,79,149,76
1364,attic,132,32,25,8,18,3
1365,quality,383,80,58,9,97,18
1366,games,65,23,9,2,1,3
1367,across,101,31,6,4,29,12
1368,chronological,216,28,31,2,47,3
1369,european,82,16,12,6,27,2
1370,martial,82,20,12,4,7,0
1371,every,394,94,70,14,78,18
1372,systematic,106,31,13,5,28,6
1373,standard,259,60,60,6,50,10
1374,examines,131,33,17,7,40,7
1375,serves,152,17,26,2,36,2
1376,avoid,88,46,16,13,14,10
1377,12,174,55,19,16,31,6
1378,kings,69,15,10,1,13,1
1379,unfortunately,145,93,20,16,29,23
1380,four,326,88,45,11,77,20
1381,editing,81,70,15,12,20,19
1382,’,40,20,0,0,38,20
1383,volumes,216,38,35,6,42,11
1384,grammar,126,35,10,0,32,9
1385,manuscript,181,61,17,16,39,8
1386,main,484,125,85,29,108,30
1387,emphasis,245,49,34,9,56,14
1388,'to,53,17,8,2,7,1
1389,roman,2366,419,377,61,512,77
1390,4,698,200,105,33,152,47
1391,translates,77,24,9,3,16,6
1392,polybius,65,22,10,2,13,0
1393,aimed,99,19,14,1,24,9
1394,additional,118,25,15,6,22,4
1395,b,397,100,87,18,21,3
1396,music,81,16,19,3,14,7
1397,greece,316,64,50,6,55,8
1398,n6,208,52,39,8,41,14
1399,necessary,256,59,45,7,47,18
1400,numbers,144,49,23,8,25,10
1401,command,95,16,12,3,21,3
1402,associated,139,24,25,3,26,8
1403,presented,402,88,68,9,91,27
1404,implications,141,23,24,7,35,5
1405,proposes,79,16,11,2,16,6
1406,holds,69,8,19,2,14,3
1407,active,76,14,8,1,10,4
1408,middle,219,40,29,8,48,4
1409,aims,143,21,23,5,36,6
1410,stated,92,35,14,3,18,7
1411,event,65,20,10,3,10,5
1412,translation,1422,284,280,28,276,67
1413,bibliographical,102,35,18,7,18,10
1414,euripides,227,38,54,9,28,7
1415,thesis,230,71,40,17,43,12
1416,prior,85,12,12,2,22,2
1417,occasional,89,74,13,13,10,11
1418,scholia,72,17,4,1,18,2
1419,shown,117,48,16,10,17,6
1420,treats,70,17,12,1,16,4
1421,beyond,330,66,61,16,68,11
1422,summary,449,37,70,3,97,5
1423,ovid’s,23,17,0,0,19,15
1424,epigraphic,139,21,26,4,29,2
1425,considerations,70,12,8,3,15,1
1426,typically,53,18,7,1,11,5
1427,proves,75,13,11,2,11,3
1428,notice,57,18,12,0,11,3
1429,international,74,13,12,4,17,3
1430,single,357,79,64,15,81,9
1431,authors,796,173,120,23,181,47
1432,traditions,158,37,17,4,27,10
1433,philosophers,156,25,25,3,39,5
1434,subsequent,101,43,14,6,26,13
1435,lead,147,47,27,5,24,8
1436,aim,170,31,26,4,48,3
1437,forward,109,24,12,6,27,4
1438,dealing,153,28,21,9,30,6
1439,'this,184,28,28,3,41,8
1440,shape,82,11,10,3,17,2
1441,27,57,36,9,3,10,9
1442,ideological,75,17,12,5,22,6
1443,moves,69,13,10,2,15,4
1444,description,327,71,56,16,65,16
1445,immediately,80,32,14,4,14,5
1446,composition,142,31,23,3,31,5
1447,care,95,20,20,2,21,4
1448,suggested,110,44,23,9,18,4
1449,impression,144,47,28,8,28,9
1450,apollo,68,22,11,4,12,1
1451,importantly,59,22,7,4,13,3
1452,photographs,223,25,36,4,51,6
1453,essential,199,29,26,3,45,6
1454,michael,66,19,9,7,19,2
1455,suggest,179,56,46,14,28,11
1456,topic,448,46,81,6,122,12
1457,footnote,56,48,12,10,7,14
1458,closer,94,26,11,6,21,7
1459,later,612,136,90,34,125,27
1460,applied,106,11,22,0,14,1
1461,reflection,95,21,18,5,20,4
1462,observes,151,18,25,2,32,4
1463,languages,150,31,16,4,42,9
1464,namely,155,39,24,4,34,5
1465,issues,654,78,101,13,154,20
1466,considered,250,74,42,17,71,12
1467,may,1674,526,294,83,317,107
1468,important,1242,276,199,64,262,43
1469,though,1325,321,231,53,231,56
1470,spartans,27,18,14,5,1,1
1471,precise,128,28,23,7,34,7
1472,certain,411,141,85,33,75,25
1473,connection,220,50,38,10,53,4
1474,narratives,105,18,18,1,27,4
1475,br/,79,30,13,1,19,9
1476,life,920,121,139,17,195,23
1477,oratory,87,18,24,1,9,2
1478,source,481,105,71,10,109,18
1479,claim,334,113,51,17,68,20
1480,foundation,99,14,18,1,31,2
1481,intellectual,246,39,22,6,64,10
1482,71,34,28,6,5,3,4
1483,reservations,71,4,21,2,15,0
1484,worth,183,35,24,8,38,5
1485,wish,144,37,27,10,25,5
1486,egypt,223,21,51,4,52,5
1487,states,235,54,36,5,49,15
1488,episode,86,19,16,3,15,5
1489,martin,83,13,24,4,11,2
1490,corrected,38,89,6,15,7,19
1491,preference,57,19,18,3,13,4
1492,principle,134,37,21,10,31,4
1493,looking,144,30,17,5,34,5
1494,assumed,68,14,15,2,11,2
1495,si,28,22,3,2,8,1
1496,way,1127,251,205,47,211,46
1497,well,2120,394,297,74,482,74
1498,master,78,19,21,5,22,3
1499,catullus,111,29,16,6,11,4
1500,tone,77,19,12,3,14,3
1501,medical,116,25,22,3,19,5
1502,covered,100,14,15,1,27,3
1503,death,267,59,49,13,39,10
1504,poems,336,60,59,6,45,7
1505,139,18,18,0,4,4,2
1506,respectively,72,16,13,4,15,2
1507,t9,97,39,17,3,15,5
1508,lacks,62,18,9,5,14,4
1509,broad,168,29,24,6,49,4
1510,deny,44,20,13,0,2,5
1511,tacitus,149,38,40,7,17,5
1512,28,52,34,9,6,14,7
1513,place,594,127,101,27,106,29
1514,close,335,53,53,13,66,3
1515,texts,1404,221,207,47,313,47
1516,problem,385,119,69,22,80,15
1517,problematic,146,52,28,3,32,15
1518,drawings,132,15,25,2,34,4
1519,tries,73,27,14,5,18,9
1520,accordingly,35,18,7,6,7,3
1521,everything,108,33,19,8,19,4
1522,except,102,43,16,6,20,4
1523,central,285,74,49,11,68,17
1524,ground,137,25,29,6,27,3
1525,typographical,75,539,6,52,20,126
1526,alexandrian,69,17,6,7,10,1
1527,principles,112,41,23,6,19,8
1528,growing,93,23,18,2,20,4
1529,remarks,317,37,67,6,52,6
1530,neglected,96,18,13,3,25,4
1531,solely,45,19,6,2,17,7
1532,recent,760,141,131,22,175,30
1533,probably,368,89,63,18,65,13
1534,2002,68,10,3,0,7,2
1535,could,1337,318,210,51,274,70
1536,exception,84,28,17,3,21,11
1537,engaging,126,22,7,3,39,2
1538,???,32,18,13,5,5,8
1539,lengthy,78,33,10,5,15,9
1540,representations,98,15,12,2,24,6
1541,translate,53,20,9,5,11,2
1542,criteria,76,28,18,8,15,6
1543,attempts,188,59,34,6,39,15
1544,age,336,74,37,14,86,13
1545,audience,490,112,111,24,97,22
1546,methodology,107,24,14,6,22,5
1547,substantial,126,29,25,5,25,5
1548,''the,640,141,53,13,225,50
1549,jewish,141,27,21,7,24,7
1550,concluding,125,21,21,2,29,6
1551,small,268,108,40,18,58,21
1552,matters,237,63,47,15,45,12
1553,either,336,137,67,30,54,20
1554,preface,189,37,31,6,26,5
1555,serious,206,135,48,32,33,13
1556,conclusion,485,86,86,15,108,16
1557,serve,246,25,50,7,49,5
1558,composed,68,14,16,2,13,4
1559,grounds,98,31,22,8,12,5
1560,reasoning,55,25,8,5,9,9
1561,brackets,23,18,6,6,4,1
1562,real,277,72,45,13,45,11
1563,diversity,71,8,11,1,18,1
1564,corrections,40,24,6,6,8,8
1565,historian,147,32,22,4,22,8
1566,author,1038,291,170,48,230,52
1567,absence,142,92,24,23,28,18
1568,pity,75,23,18,6,7,2
1569,perspective,244,58,24,12,53,15
1570,geographical,113,18,13,4,26,4
1571,understand,288,82,51,14,52,21
1572,thucydides,236,71,63,13,23,12
1573,verse,112,27,22,7,21,6
1574,derived,68,18,11,4,11,6
1575,members,92,15,12,3,19,2
1576,lucan,99,18,16,3,12,1
1577,contrary,98,34,20,6,21,1
1578,physical,147,23,25,2,28,7
1579,sequence,65,21,14,6,13,4
1580,60,46,33,10,14,9,6
1581,existing,74,16,5,3,21,6
1582,reviewed,113,10,6,0,16,2
1583,learning,142,18,31,5,23,3
1584,organized,103,10,12,2,28,2
1585,readings,439,94,61,18,81,13
1586,traces,74,21,14,3,14,6
1587,scene,128,40,22,6,31,7
1588,13,141,53,32,11,21,6
1589,“the,152,32,0,0,145,28
1590,passages,564,133,77,15,116,34
1591,36,48,21,13,5,7,4
1592,appeal,108,29,18,3,13,6
1593,emendation,55,40,7,8,13,10
1594,latin,1206,244,165,38,292,59
1595,coins,92,21,17,2,18,8
1596,parallel,184,32,32,7,47,6
1597,sees,177,37,38,7,23,10
1598,resources,98,9,13,1,22,2
1599,methods,139,23,13,9,35,1
1600,33,36,30,9,6,9,7
1601,complete,273,56,47,9,52,8
1602,days,78,10,13,3,15,0
1603,sexual,102,31,18,10,19,3
1604,settlement,75,10,9,3,15,4
1605,reflects,85,23,14,6,15,3
1606,establish,82,20,14,4,14,4
1607,figures,261,61,40,6,67,9
1608,sources,1165,221,181,46,246,47
1609,points,1000,161,179,34,167,30
1610,innovative,106,14,8,3,40,1
1611,n10,90,29,20,2,12,1
1612,virtuous,43,18,2,1,16,8
1613,u,22,19,1,5,1,3
1614,ammianus,68,12,19,1,3,3
1615,alexandria,69,15,8,4,15,3
1616,assertion,70,32,13,11,11,4
1617,write,112,36,23,6,21,5
1618,known,333,61,48,5,67,15
1619,d,106,33,33,2,11,1
1620,discusses,295,59,46,15,70,10
1621,contributions,427,55,64,3,139,14
1622,assumptions,97,35,21,6,20,6
1623,socratic,96,18,21,2,15,3
1624,medieval,184,23,25,3,38,6
1625,homer,347,84,73,18,51,7
1626,69,31,19,7,2,6,3
1627,needs,206,59,33,15,45,13
1628,another,605,173,103,22,112,43
1629,bibliography,1007,220,168,32,219,53
1630,us,881,132,173,23,156,18
1631,focus,388,97,54,15,102,22
1632,total,55,28,9,6,11,3
1633,aware,118,37,23,9,24,5
1634,perspectives,110,14,11,1,35,7
1635,j.,245,64,48,13,39,11
1636,introduction,1640,196,223,25,382,46
1637,characters,179,61,30,8,33,9
1638,rule,138,39,24,3,31,6
1639,differences,195,39,21,4,49,14
1640,contributors,154,27,27,3,40,8
1641,sure,148,31,27,4,34,5
1642,exist,70,15,11,3,13,3
1643,nonetheless,195,39,39,6,50,13
1644,reference,646,198,117,46,127,31
1645,debate,266,45,34,7,70,10
1646,views,378,76,61,18,75,11
1647,bear,75,14,11,2,17,2
1648,consists,94,14,16,5,22,3
1649,viewed,77,24,8,1,20,4
1650,acknowledge,49,24,9,4,13,6
1651,plautus,105,40,30,5,16,6
1652,found,951,319,142,59,187,60
1653,finds,324,80,57,12,66,22
1654,employed,91,14,8,2,28,2
1655,feels,40,18,6,1,5,3
1656,meaning,302,81,47,19,67,10
1657,gender,134,31,14,6,31,2
1658,t3,384,98,49,11,104,30
1659,obvious,160,74,28,18,35,15
1660,ce,78,11,10,1,22,1
1661,art,504,73,64,12,124,13
1662,classics,184,20,34,4,48,3
1663,ultimately,169,53,26,10,45,11
1664,incomplete,33,21,2,2,8,5
1665,t2,478,132,75,21,134,32
1666,h,79,24,13,4,1,1
1667,lucretius,104,35,27,8,15,1
1668,usually,209,51,30,7,39,14
1669,film,70,26,13,2,11,2
1670,types,221,43,35,5,59,10
1671,consistent,102,32,13,5,21,7
1672,21,66,27,10,4,13,4
1673,t.,177,41,36,10,13,2
1674,provide,760,97,127,18,172,28
1675,functions,72,12,9,2,16,5
1676,happiness,79,10,12,0,9,1
1677,adds,131,16,18,0,31,3
1678,argument,845,281,155,49,174,54
1679,glaring,10,26,3,7,2,7
1680,circumstances,84,26,19,5,16,7
1681,explicit,80,23,16,6,17,1
1682,background,340,41,59,5,68,7
1683,items,115,31,13,3,22,5
1684,extra,24,25,4,6,9,6
1685,try,74,19,12,2,15,3
1686,romans,192,56,33,14,44,6
1687,considers,159,44,29,8,40,7
1688,phenomenon,119,31,21,4,24,7
1689,remaining,72,14,9,2,18,1
1690,relationship,460,89,58,20,114,11
1691,chronology,165,21,31,3,36,5
1692,tradition,658,151,108,23,132,23
1693,monograph,177,23,29,7,43,6
1694,n7,166,52,30,10,27,14
1695,appendices,179,7,17,0,50,1
1696,et,265,77,34,9,45,23
1697,evolution,74,19,9,2,19,3
1698,critics,87,29,17,10,15,0
1699,human,441,75,58,15,88,14
1700,love,180,42,38,6,28,6
1701,represents,157,32,22,6,43,9
1702,unlike,101,12,14,2,17,1
1703,strength,70,22,12,1,13,5
1704,consider,201,57,35,18,46,9
1705,greater,187,42,33,4,51,10
1706,according,348,115,58,21,58,14
1707,iconography,77,10,10,1,29,3
1708,cite,71,32,11,8,13,4
1709,left,198,86,37,19,37,17
1710,witnesses,39,19,8,1,8,2
1711,topics,385,40,62,6,98,8
1712,designed,88,21,18,3,16,3
1713,need,438,112,98,20,87,19
1714,heroes,79,14,15,4,8,4
1715,mentions,82,20,12,3,10,5
1716,true,319,85,53,18,62,14
1717,emperors,89,18,19,4,23,4
1718,treatises,71,13,17,2,17,2
1719,call,111,33,29,1,12,7
1720,part,1191,240,173,45,251,43
1721,exactly,99,41,17,12,23,7
1722,frequently,145,54,24,4,38,13
1723,notably,94,28,9,5,17,7
1724,judgment,125,25,21,7,20,2
1725,offers,1086,83,153,19,293,15
1726,characteristics,104,12,12,0,23,2
1727,stoic,197,28,23,3,34,4
1728,34,41,22,7,2,8,10
1729,hellenistic,397,70,58,18,92,12
1730,terminology,124,28,18,1,29,8
1731,ethics,197,30,33,5,42,3
1732,illustrated,111,24,19,1,27,6
1733,articles,331,55,58,9,65,10
1734,gone,38,18,7,1,5,9
1735,civil,102,20,21,2,17,3
1736,origin,118,25,15,3,32,5
1737,appreciation,84,18,13,3,13,2
1738,reason,363,153,69,25,61,26
1739,lies,105,28,18,5,25,3
1740,today,121,30,19,6,26,7
1741,perception,80,23,11,3,23,4
1742,came,111,31,26,5,18,7
1743,goal,138,30,20,7,36,5
1744,appropriate,159,26,26,4,29,6
1745,rest,129,44,20,9,24,5
1746,odd,61,49,8,9,16,6
1747,removed,23,18,3,5,7,1
1748,11,207,78,37,17,30,13
1749,children,115,14,15,3,22,0
1750,concerns,150,40,23,7,32,8
1751,surveys,106,12,14,2,23,4
1752,old,333,60,66,17,67,10
1753,scientific,116,25,22,5,24,7
1754,otherwise,219,76,36,6,44,14
1755,moral,281,71,48,9,51,20
1756,contained,79,20,16,2,11,3
1757,mistaken,40,27,9,3,4,10
1758,consistently,101,36,19,7,20,10
1759,demonstration,91,22,16,6,19,1
1760,accessible,251,29,35,5,56,7
1761,home,74,24,12,6,13,1
1762,translated,184,47,33,12,37,10
1763,take,382,117,76,21,72,17
1764,reasonably,92,13,18,3,6,3
1765,misunderstanding,16,19,0,5,2,2
1766,city,383,70,78,16,82,11
1767,evil,158,14,25,3,46,4
1768,laws,162,34,28,8,36,6
1769,political,849,183,143,39,171,29
1770,paper,524,67,73,9,126,17
1771,various,687,108,108,24,144,23
1772,trojan,69,15,12,1,12,3
1773,egyptian,234,42,68,9,38,7
1774,set,390,74,59,8,106,15
1775,caesar,196,57,22,6,30,3
1776,received,98,20,18,4,22,3
1777,simply,276,139,49,37,42,15
1778,dissertation,80,21,13,4,13,3
1779,odysseus,106,32,22,6,18,3
1780,achievement,123,17,15,2,24,3
1781,relevant,413,64,62,13,99,13
1782,moment,87,22,21,2,11,2
1783,within,691,135,100,23,189,33
1784,identity,264,60,36,10,73,18
1785,puzzling,44,20,6,9,4,2
1786,fresh,84,15,10,3,21,6
1787,aristotle,723,149,136,34,107,23
1788,possible,541,146,79,25,110,34
1789,poet,323,84,68,14,50,7
1790,away,156,43,30,5,23,14
1791,explicitly,106,27,22,6,21,2
1792,create,90,23,16,4,22,6
1793,sacrifice,85,27,11,9,20,9
1794,early,858,163,134,24,187,25
1795,24,68,44,16,9,7,11
1796,architectural,91,17,13,3,22,8
1797,vases,119,22,13,3,24,4
1798,persons,90,14,17,3,19,1
1799,die,104,28,22,8,11,5
1800,rules,77,22,12,5,7,3
1801,add,151,35,24,8,27,6
1802,failed,40,25,7,6,4,3
1803,dedicated,96,14,11,3,26,5
1804,undergraduates,107,13,18,2,17,1
1805,framework,120,22,11,2,28,5
1806,opinions,72,15,13,3,7,2
1807,relevance,87,29,12,3,20,4
1808,light,362,44,69,4,89,8
1809,summaries,118,10,20,4,26,0
1810,accurately,33,17,8,7,5,3
1811,choices,86,24,12,5,24,6
1812,mycenaean,80,12,10,3,12,0
1813,illuminating,135,14,20,1,22,4
1814,taste,68,14,10,5,17,2
1815,production,248,63,30,12,63,20
1816,turned,52,17,13,4,10,3
1817,writer,72,17,9,4,15,5
1818,course,579,113,92,24,94,10
1819,slightly,70,61,12,12,16,16
1820,result,325,107,58,20,79,17
1821,institutions,95,30,10,2,21,6
1822,repeatedly,48,21,14,3,6,4
1823,admirable,60,21,9,4,7,4
1824,leaves,106,29,14,7,17,3
1825,papers,498,61,52,9,130,15
1826,recorded,45,20,6,3,17,3
1827,omitted,59,39,7,5,13,8
1828,rise,84,29,11,6,23,2
1829,editors,353,63,47,6,89,15
1830,presence,156,51,21,6,30,9
1831,visual,142,21,20,2,45,3
1832,editorial,108,71,12,9,26,14
1833,crisis,34,18,4,6,9,3
1834,expect,141,31,28,6,24,8
1835,subject,734,119,144,21,146,23
1836,beginning,328,63,58,15,75,9
1837,problems,518,154,118,22,90,25
1838,unfortunate,67,61,12,10,10,17
1839,key,263,51,27,9,75,13
1840,plotinus,137,12,6,2,36,4
1841,bce,84,17,8,0,24,3
1842,prove,269,36,38,9,47,9
1843,works,887,190,152,39,199,42
1844,scope,186,37,33,5,34,7
1845,deliberate,40,27,4,5,9,4
1846,complexity,106,26,17,4,25,7
1847,significance,191,44,34,10,39,9
1848,magic,96,22,25,6,11,2
1849,made,826,238,160,52,143,35
1850,places,279,75,46,14,64,16
1851,ending,61,23,5,6,10,1
1852,argumentation,73,42,14,5,10,11
1853,attempt,316,120,56,31,60,19
1854,curious,49,26,4,4,11,6
1855,treated,135,19,21,1,26,5
1856,pindar,118,22,23,4,8,1
1857,pompeii,70,16,9,2,20,7
1858,7,419,118,58,19,74,24
1859,read,860,383,172,88,155,68
1860,right,382,88,68,18,58,16
1861,point,1160,254,211,52,227,44
1862,concludes,371,78,65,19,82,19
1863,depends,61,20,10,2,10,4
1864,example,1218,297,202,60,235,49
1865,son,111,25,26,3,17,3
1866,dating,130,26,24,4,26,7
1867,critique,90,23,17,7,11,9
1868,name,286,97,50,20,65,14
1869,acts,78,16,9,3,18,1
1870,aeneid,166,21,26,6,36,1
1871,thought,577,102,78,18,159,16
1872,activity,164,34,28,7,34,4
1873,t7,166,52,30,10,27,14
1874,chosen,120,28,16,5,28,10
1875,awkward,18,24,3,5,5,6
1876,depth,90,13,17,1,29,2
1877,etruscan,95,13,4,0,15,3
1878,suggestions,175,18,29,1,37,3
1879,historical,960,196,168,33,224,44
1880,lacking,88,18,9,3,22,1
1881,comparison,327,57,47,13,75,11
1882,family,227,37,33,5,51,6
1883,worked,78,8,16,3,19,1
1884,court,72,19,8,3,15,3
1885,inscriptions,353,72,63,11,99,17
1886,include,312,89,48,19,70,24
1887,interpretive,101,23,10,5,24,4
1888,done,361,69,57,10,75,8
1889,emphasizes,144,15,30,0,33,2
1890,education,183,18,36,3,36,3
1891,corpus,219,24,29,3,52,4
1892,logical,62,34,16,8,4,7
1893,elsewhere,244,79,45,17,45,12
1894,e,226,69,36,12,42,7
1895,extended,74,18,10,5,18,3
1896,temple,141,29,20,4,34,3
1897,described,142,37,33,9,23,5
1898,les,70,7,15,0,9,0
1899,clarity,116,29,21,2,24,9
1900,career,102,24,23,3,16,3
1901,w,50,32,12,7,1,1
1902,plays,276,50,49,10,56,7
1903,strong,185,85,28,20,48,14
1904,english,644,170,120,27,133,39
1905,ancient,2214,390,372,68,527,77
1906,memory,126,21,19,1,41,6
1907,undoubtedly,105,19,8,1,33,1
1908,drama,189,35,34,11,45,3
1909,187,14,17,3,5,4,6
1910,civic,84,15,15,4,12,6
1911,thomas,73,21,18,5,22,3
1912,comments,314,64,70,10,51,17
1913,biographical,69,14,10,1,18,2
1914,surprisingly,81,20,17,1,17,2
1915,shows,508,125,91,22,127,27
1916,paul,118,33,29,7,32,8
1917,25,84,41,21,13,12,4
1918,relations,199,25,38,4,50,7
1919,strictly,68,12,14,1,11,3
1920,courses,111,8,16,0,25,3
1921,begin,94,16,19,3,15,2
1922,local,189,37,20,6,50,10
1923,illustrates,74,11,14,1,10,4
1924,discovery,61,18,11,3,13,4
1925,antique,153,27,19,3,46,11
1926,ago,86,11,18,5,14,2
1927,values,130,24,17,2,30,9
1928,brief,574,63,95,14,127,14
1929,containing,82,8,14,1,22,4
1930,contradictions,24,20,3,3,6,3
1931,al,31,17,3,10,8,3
1932,epigrams,108,16,15,2,24,0
1933,outside,146,44,25,6,34,14
1934,constant,38,20,6,5,7,5
1935,produced,362,118,51,24,82,21
1936,limits,103,24,16,4,25,4
1937,teubner,60,20,8,6,7,3
1938,54,35,18,6,3,9,7
1939,times,431,172,67,13,92,39
1940,noting,90,33,11,5,21,5
1941,interpretative,82,8,11,1,20,5
1942,sensible,80,14,21,4,16,2
1943,exclusively,72,11,11,2,13,2
1944,necessarily,182,68,32,13,45,13
1945,presenting,149,19,15,5,51,5
1946,recognize,62,39,16,7,7,7
1947,idea,513,76,85,10,105,11
1948,understood,161,40,25,6,35,13
1949,offering,171,21,25,4,52,6
1950,limitations,99,16,12,1,26,3
1951,tension,70,12,9,0,19,0
1952,typographic,5,30,0,4,1,9
1953,knowledge,725,108,96,22,161,15
1954,typical,77,34,14,9,18,7
1955,extant,106,19,16,4,28,1
1956,usage,78,40,11,5,22,10
1957,easy,199,42,27,5,49,10
1958,head,68,20,11,3,13,7
1959,typos,52,74,6,11,13,23
1960,face,89,28,15,1,16,3
1961,calls,152,30,16,6,31,6
1962,end,673,148,107,22,128,22
1963,inevitably,74,27,16,7,9,8
1964,private,148,37,23,7,35,5
1965,method,236,53,52,14,38,11
1966,68,34,17,3,4,7,2
1967,distribution,83,16,12,2,28,5
1968,lists,154,33,22,8,35,6
1969,writers,152,27,36,5,26,4
1970,papyrus,121,25,18,6,24,3
1971,aspects,491,68,70,13,99,18
1972,virtually,66,21,16,3,9,2
1973,plausible,91,32,15,8,18,5
1974,repetitions,18,25,3,1,3,7
1975,fit,106,30,25,5,18,7
1976,plato’s,75,17,0,0,75,17
1977,44,30,19,7,4,5,3
1978,come,325,65,39,13,65,9
1979,vocabulary,160,23,15,2,58,5
1980,logic,75,28,13,9,9,3
1981,achilles,130,40,23,9,15,3
1982,64,47,19,9,3,8,6
1983,particularly,1190,165,170,30,281,31
1984,presents,464,52,62,5,124,13
1985,west,181,47,52,14,23,6
1986,phenomena,53,18,7,2,11,5
1987,student,312,50,37,8,76,8
1988,consequence,43,26,8,2,5,11
1989,violence,78,20,10,3,22,6
1990,consequently,78,20,14,2,18,4
1991,besides,64,22,7,2,12,5
1992,conjecture,69,37,18,9,9,7
1993,tragedy,336,61,60,8,54,11
1994,require,71,21,16,3,18,6
1995,want,195,20,42,3,31,4
1996,repeated,64,54,13,5,10,10
1997,teachers,135,16,25,3,38,3
1998,aid,77,11,7,3,21,3
1999,100,38,18,3,1,8,3
2000,di,175,36,5,6,48,3
2001,transliteration,17,17,0,4,2,5
2002,'in,254,50,40,7,53,8
2003,audiences,72,23,15,5,10,3
2004,attitude,123,29,19,3,18,6
2005,!,110,45,14,5,18,9
2006,slight,35,19,8,5,5,2
2007,features,320,51,60,7,78,14
2008,context,797,154,141,25,177,37
2009,difficult,476,120,64,25,102,23
2010,von,85,24,13,4,19,3
2011,movement,77,15,8,1,20,3
2012,requires,76,15,11,3,12,3
2013,price,80,22,11,3,23,9
2014,plato,859,199,200,50,94,20
2015,called,176,56,29,11,37,9
2016,elite,162,26,15,5,37,4
2017,35,47,27,14,5,8,4
2018,organization,88,14,9,3,22,2
2019,conception,114,17,18,6,14,1
2020,ask,70,28,15,5,21,5
2021,effect,205,45,30,6,34,5
2022,able,253,40,50,9,52,7
2023,depiction,69,15,17,0,20,4
2024,british,75,18,14,3,13,4
2025,balance,103,18,19,2,30,7
2026,23,64,45,18,10,6,6
2027,rhetoric,273,69,53,16,36,9
2028,speak,103,23,18,7,10,5
2029,best,378,77,60,14,69,16
2030,record,113,28,20,6,23,4
2031,mss,75,37,14,11,9,6
2032,emotions,69,11,12,3,15,1
2033,desires,41,17,4,1,6,9
2034,specifically,133,48,19,7,37,9
2035,6,466,125,82,21,82,27
2036,dialogue,267,64,40,10,56,11
2037,explores,97,16,15,1,31,5
2038,detected,19,20,2,2,8,5
2039,confusing,39,46,9,9,5,3
2040,modern,1051,248,173,50,218,53
2041,freedom,93,14,11,3,22,4
2042,beliefs,86,16,15,4,21,5
2043,wants,104,20,13,5,16,3
2044,antiquity,467,64,74,19,114,12
2045,van,140,16,22,3,38,5
2046,occurs,54,26,13,5,7,3
2047,friends,80,13,21,4,9,2
2048,39,45,22,11,8,4,3
2049,hesiod,84,27,16,4,17,4
2050,agree,120,42,16,3,21,3
2051,makes,1340,239,216,43,281,37
2052,saw,71,17,13,2,17,9
2053,regard,208,66,39,17,39,9
2054,opening,130,34,25,6,19,7
2055,indexes,96,5,20,1,20,1
2056,indicate,99,32,17,7,11,3
2057,urban,127,27,16,5,40,8
2058,sic,40,29,6,6,16,8
2059,handful,25,32,2,1,9,11
2060,traditional,318,88,51,19,69,11
2061,judgement,42,19,15,5,2,1
2062,30,59,27,21,3,9,8
2063,contexts,213,35,21,7,56,8
2064,image,240,48,43,9,58,7
2065,construction,153,31,35,6,39,8
2066,also,3111,704,504,112,692,138
2067,scholarly,528,78,71,8,141,19
2068,18,74,43,12,9,6,8
2069,apparently,138,54,25,12,20,10
2070,n11,57,21,10,5,7,1
2071,practices,199,35,29,5,51,9
2072,elegiac,40,17,7,0,8,3
2073,stone,78,20,8,3,14,3
2074,pointing,103,26,20,6,18,3
2075,danger,48,20,5,2,6,2
2076,contemporary,417,80,64,15,98,17
2077,means,422,121,72,21,86,19
2078,''chapter,80,15,7,5,30,3
2079,comment,164,56,36,19,20,4
2080,medea,99,17,17,5,8,0
2081,advanced,170,15,25,5,46,3
2082,introduces,67,14,10,3,16,0
2083,62,32,19,4,6,8,4
2084,1997,80,15,27,7,9,2
2085,language,645,130,98,17,151,28
2086,different,977,194,129,42,225,40
2087,society,382,58,75,10,70,10
2088,picture,338,52,58,8,71,8
2089,directly,122,27,19,3,30,7
2090,development,373,58,58,9,103,13
2091,felt,70,26,16,2,6,2
2092,half,163,34,33,1,29,2
2093,cause,90,58,19,8,14,10
2094,opposed,98,25,14,4,18,9
2095,division,82,26,9,3,29,7
2096,dated,60,23,17,4,12,6
2097,meet,37,21,6,4,8,5
2098,prints,40,19,12,4,8,6
2099,approaches,278,37,33,5,74,12
2100,available,347,61,60,7,65,7
2101,gregory,93,9,16,1,19,2
2102,publications,154,36,27,4,42,7
2103,psychological,51,21,4,3,11,2
2104,external,77,22,13,5,15,2
2105,5,585,162,96,22,132,40
2106,scholar,256,35,47,3,63,8
2107,issue,290,67,42,10,60,8
2108,discussion,2255,344,383,78,455,50
2109,'a,108,29,17,7,16,4
2110,commentary,1159,178,179,26,238,30
2111,insightful,90,10,15,0,24,3
2112,introductions,122,10,19,5,29,1
2113,london,78,16,13,6,11,1
2114,comma,10,23,4,1,1,2
2115,symposium,78,15,8,5,16,4
2116,open,117,22,20,3,24,4
2117,alone,160,44,33,6,36,10
2118,17,90,41,14,9,12,5
2119,trying,120,22,25,4,20,9
2120,largely,228,66,42,13,40,14
2121,relatively,182,71,29,10,29,11
2122,christians,101,16,16,1,31,6
2123,piece,279,36,49,12,64,5
2124,role,546,108,76,18,120,26
2125,significant,262,129,35,17,58,23
2126,whole,743,128,145,17,145,27
2127,argued,157,48,23,9,36,8
2128,architecture,122,20,22,2,23,5
2129,tomb,70,11,7,0,20,6
2130,myths,125,15,11,4,19,1
2131,attitudes,106,23,21,3,23,4
2132,origins,142,25,18,2,34,5
2133,fragment,98,31,21,6,14,10
2134,psychology,57,19,8,2,12,1
2135,und,140,30,34,5,11,7
2136,exhaustive,74,12,16,4,15,2
2137,relative,95,24,13,2,21,7
2138,demonstrated,53,18,7,5,12,3
2139,explore,76,14,11,2,16,4
2140,thorough,263,30,48,7,56,8
2141,belief,117,22,25,7,19,3
2142,informed,90,12,21,1,20,3
2143,9,278,96,42,17,52,17
2144,propertius,88,26,13,7,9,1
2145,archaeology,245,42,25,5,66,14
2146,plates,102,15,16,4,26,2
2147,access,127,23,14,3,29,3
2148,school,164,23,20,5,39,3
2149,refers,136,57,21,18,22,7
2150,state,388,86,64,20,73,13
2151,limited,229,64,36,8,60,21
2152,conference,107,7,18,2,25,0
2153,day,101,22,18,3,20,3
2154,six,132,27,14,3,21,8
2155,punctuation,35,45,3,3,4,12
2156,persian,136,35,25,3,26,7
2157,term,307,84,43,10,71,16
2158,callimachus,75,13,11,5,5,1
2159,eastern,149,22,27,5,28,2
2160,technique,88,14,16,3,13,4
2161,spartan,69,20,19,5,5,2
2162,argue,138,48,28,10,27,6
2163,none,108,53,27,11,21,11
2164,appendix,302,26,42,3,71,8
2165,sophistic,81,10,17,3,12,1
2166,spelling,49,77,4,11,13,17
2167,yet,566,153,87,27,112,18
2168,ever,121,37,25,5,21,6
2169,observations,397,46,65,8,85,5
2170,era,88,21,15,3,13,5
2171,little,619,147,99,34,98,30
2172,athena,70,18,25,4,11,3
2173,combination,106,13,17,4,23,2
2174,deeply,68,7,10,1,18,1
2175,characteristic,74,28,15,0,15,1
2176,fear,74,26,16,2,10,6
2177,study,1601,229,231,39,385,52
2178,evans,38,17,5,5,3,2
2179,begins,228,34,30,4,44,9
2180,cicero,464,91,88,19,53,11
2181,predecessors,99,17,14,2,14,5
2182,:,5912,2118,1035,381,1172,413
2183,models,157,43,28,4,20,8
2184,matter,298,90,50,12,67,19
2185,compares,69,8,18,1,12,1
2186,attribution,49,21,8,7,9,5
2187,power,367,88,69,13,75,16
2188,given,826,224,139,36,182,42
2189,stance,47,17,8,3,4,2
2190,studies,915,87,153,16,225,16
2191,bound,44,26,7,7,12,3
2192,brought,156,27,29,8,29,3
2193,covers,104,10,21,1,24,5
2194,vase,93,14,12,1,25,2
2195,correction,38,30,8,8,7,1
2196,transmitted,60,36,11,4,10,6
2197,=,115,37,21,9,28,6
2198,rendering,85,21,18,3,27,4
2199,one,4201,1185,743,172,741,213
2200,hereafter,67,2,15,0,0,0
2201,led,115,62,14,10,31,8
2202,diverse,101,9,11,1,18,4
2203,examples,488,98,63,15,117,16
2204,internal,74,34,12,7,16,8
2205,''this,172,26,18,3,60,9
2206,explanation,271,78,51,12,58,18
2207,throughout,458,123,67,22,102,20
2208,studied,87,12,15,3,18,3
2209,oral,113,36,19,5,14,4
2210,thereby,75,16,14,1,19,3
2211,occur,51,43,8,10,11,5
2212,resource,229,8,26,1,65,4
2213,value,390,90,69,16,89,17
2214,friendship,87,10,10,2,13,1
2215,informative,182,19,32,2,41,4
2216,up-to-date,150,13,29,5,39,2
2217,possibility,157,51,29,8,22,8
2218,exile,38,30,7,7,8,10
2219,question,681,144,115,30,144,23
2220,dionysius,87,17,9,2,17,2
2221,fate,42,24,9,6,7,2
2222,aspect,216,33,33,6,44,4
2223,index,784,140,134,20,144,26
2224,ad,214,64,41,14,48,16
2225,republican,123,34,21,8,34,5
2226,exercise,90,19,16,2,14,4
2227,images,273,46,27,4,71,13
2228,basis,246,56,43,11,51,17
2229,excavations,107,9,15,2,27,5
2230,links,91,16,18,4,22,3
2231,man,352,79,67,21,38,10
2232,character,396,113,77,17,77,28
2233,past,369,62,61,7,90,11
2234,adopted,58,21,11,6,10,6
2235,religion,356,58,63,14,74,7
2236,synthesis,126,12,20,1,36,1
2237,welcome,253,38,38,6,58,7
2238,controversial,82,21,11,3,16,2
2239,asia,77,20,10,3,11,3
2240,thoughts,80,9,17,2,16,2
2241,interpretations,299,68,50,13,64,18
2242,reality,148,49,20,6,31,7
2243,change,202,72,40,14,38,13
2244,seeking,85,9,11,0,13,5
2245,iliad,181,39,46,4,29,8
2246,concept,258,48,39,8,60,10
2247,orators,52,18,7,8,9,0
2248,succinct,67,4,9,0,16,1
2249,copy,56,31,8,3,12,5
2250,see,1119,319,244,73,186,52
2251,economy,113,11,9,3,31,0
2252,relation,217,46,33,10,47,7
2253,voice,101,23,16,4,24,5
2254,marked,86,18,13,4,19,7
2255,published,426,74,74,12,79,11
2256,versions,129,25,20,7,22,3
2257,persuasive,116,23,24,1,26,5
2258,editions,251,63,47,9,47,11
2259,essay,645,83,96,9,132,19
2260,v,139,37,27,10,20,3
2261,similarities,77,15,11,2,20,3
2262,intermediate,59,17,11,5,19,5
2263,extreme,42,18,8,2,8,3
2264,ability,130,18,21,1,31,6
2265,men,297,65,68,15,45,12
2266,immensely,77,4,13,0,19,0
2267,continue,73,18,13,4,15,2
2268,formal,107,22,21,3,20,4
2269,sets,125,28,15,6,25,5
2270,actions,103,35,16,3,24,12
2271,sites,215,26,28,4,55,5
2272,mother,66,20,13,4,11,6
2273,accompanied,115,9,11,1,28,1
2274,pagan,81,22,16,4,20,10
2275,helen,68,15,6,3,12,3
2276,citing,60,28,7,3,9,2
2277,sex,53,22,11,7,11,4
2278,diodorus,57,18,11,2,6,3
2279,broader,156,18,22,2,40,4
2280,clearly,422,114,66,26,90,20
2281,loeb,72,25,15,6,11,7
2282,65,38,30,9,7,7,6
2283,former,174,30,20,5,40,6
2284,show,311,96,45,16,70,18
2285,advantage,72,10,21,2,8,1
2286,ptolemy,40,24,14,7,3,3
2287,clause,24,30,5,4,5,3
2288,sufficient,79,14,13,2,23,3
2289,preview,69,2,2,0,54,2
2290,rhetorical,313,55,64,13,53,9
2291,189,19,18,1,5,8,2
2292,aristotle’s,69,21,0,0,59,18
2293,popular,167,43,27,3,27,8
2294,ten,85,26,7,4,16,4
2295,proceeds,36,18,3,3,5,4
2296,battle,110,31,14,5,22,5
2297,put,238,57,47,8,49,7
2298,latter,305,81,44,12,66,18
2299,turn,203,43,29,11,45,5
2300,produce,136,24,29,4,27,7
2301,reasons,256,67,37,15,39,14
2302,discourse,177,50,34,8,40,10
2303,seven,127,34,18,4,32,8
2304,quotes,59,20,11,3,12,4
2305,specific,477,87,86,14,111,13
2306,ethical,144,30,22,9,27,5
2307,undergraduate,161,18,19,2,31,2
2308,à,49,17,4,1,15,4
2309,poor,70,43,14,8,9,13
2310,illustrations,271,45,36,2,51,9
2311,original,554,156,95,17,124,39
2312,a.,263,54,38,12,31,5
2313,analyses,188,30,20,2,56,8
2314,edition,891,241,151,28,186,47
2315,unfamiliar,79,9,17,2,15,2
2316,citation,76,56,10,9,14,24
2317,50,63,27,16,3,8,7
2318,61,35,19,6,4,5,6
2319,n5,278,74,44,7,66,20
2320,g.,359,89,74,15,20,7
2321,iv,100,28,13,6,22,5
2322,geography,77,22,27,7,13,2
2323,contents,212,58,29,4,50,13
2324,material,1316,202,208,37,323,28
2325,others,568,160,101,28,113,28
2326,speeches,215,37,61,11,29,6
2327,reception,320,35,36,3,97,11
2328,wonder,108,18,18,3,14,3
2329,unity,105,30,22,2,19,7
2330,hand,370,114,65,20,60,24
2331,rarely,100,29,16,8,18,6
2332,ignore,37,18,9,4,3,1
2333,fuller,72,16,5,3,19,5
2334,thoughtful,95,9,14,1,23,2
2335,responsibility,34,18,3,1,5,2
2336,listed,85,65,10,10,17,13
2337,misspellings,6,34,0,5,1,7
2338,empire,418,100,67,17,93,16
2339,teacher,101,12,14,4,17,2
2340,reviewers,26,20,5,5,6,3
2341,approach,732,129,116,30,161,25
2342,accuracy,61,20,9,1,9,4
2343,uses,270,61,37,12,54,13
2344,sense,712,133,121,30,143,19
2345,puts,99,19,17,2,23,2
2346,results,351,58,52,10,80,17
2347,sculpture,109,12,16,1,26,3
2348,judicious,70,8,16,2,13,1
2349,john,181,34,32,9,36,9
2350,italian,241,52,17,5,61,6
2351,fascinating,149,22,21,4,37,2
2352,2000,78,16,16,3,6,3
2353,social,701,110,128,24,149,23
